row_type,wall_time,time_s,addr,gas_ohm,temp_C,hum_pct,press_Pa,status,label
DATA,2026-01-27T09:29:51,2.536,0x76,5684.850,22.94,60.60,100790.22,0xb0,background
DATA,2026-01-27T09:29:51,2.536,0x77,19196.160,22.96,59.53,100778.85,0xb0,background
DATA,2026-01-27T09:29:51,2.766,0x76,5684.850,22.94,60.54,100791.51,0xb0,background
DATA,2026-01-27T09:29:51,2.766,0x77,19565.880,22.96,59.46,100774.80,0xb0,background
DATA,2026-01-27T09:29:51,2.997,0x76,5684.850,22.97,60.48,100784.97,0xb0,background
DATA,2026-01-27T09:29:51,2.997,0x77,19968.800,22.99,59.40,100775.95,0xb0,background
DATA,2026-01-27T09:29:52,3.229,0x76,5684.850,22.99,60.41,100788.84,0xb0,background
DATA,2026-01-27T09:29:52,3.229,0x77,20466.900,23.00,59.35,100779.93,0xb0,background
DATA,2026-01-27T09:29:52,3.460,0x76,5684.850,23.00,60.37,100791.41,0xb0,background
DATA,2026-01-27T09:29:52,3.460,0x77,20826.550,23.01,59.29,100781.15,0xb0,background
DATA,2026-01-27T09:29:52,3.690,0x76,5684.850,23.01,60.35,100786.20,0xb0,background
DATA,2026-01-27T09:29:52,3.690,0x77,21199.070,23.02,59.26,100781.08,0xb0,background
DATA,2026-01-27T09:29:52,3.921,0x76,5684.850,23.01,60.29,100784.89,0xb0,background
DATA,2026-01-27T09:29:52,3.921,0x77,21628.930,23.03,59.18,100778.33,0xb0,background
DATA,2026-01-27T09:29:52,4.151,0x76,5684.850,23.03,60.24,100791.35,0xb0,background
DATA,2026-01-27T09:29:52,4.151,0x77,21940.350,23.04,59.16,100776.95,0xb0,background
DATA,2026-01-27T09:29:53,4.384,0x76,5684.850,23.04,60.20,100790.05,0xb0,background
DATA,2026-01-27T09:29:53,4.384,0x77,22191.400,23.04,59.11,100772.91,0xb0,background
DATA,2026-01-27T09:29:53,4.616,0x76,5684.850,23.04,60.13,100786.14,0xb0,background
DATA,2026-01-27T09:29:53,4.616,0x77,22735.350,23.05,59.08,100782.22,0xb0,background
DATA,2026-01-27T09:29:53,4.849,0x76,5684.850,23.05,60.10,100786.12,0xb0,background
DATA,2026-01-27T09:29:53,4.849,0x77,23054.760,23.05,59.05,100780.84,0xb0,background
DATA,2026-01-27T09:29:53,5.083,0x76,5684.850,23.05,60.07,100791.31,0xb0,background
DATA,2026-01-27T09:29:53,5.083,0x77,23633.680,23.06,59.00,100779.48,0xb0,background
DATA,2026-01-27T09:29:54,5.313,0x76,5684.850,23.06,60.03,100786.10,0xb0,background
DATA,2026-01-27T09:29:54,5.313,0x77,24019.520,23.08,58.96,100778.02,0xb0,background
DATA,2026-01-27T09:29:54,5.544,0x76,5684.850,23.07,60.02,100786.09,0xb0,background
DATA,2026-01-27T09:29:54,5.544,0x77,24390.240,23.10,58.95,100783.22,0xb0,background
DATA,2026-01-27T09:29:54,5.774,0x76,5684.850,23.09,59.99,100791.23,0xb0,background
DATA,2026-01-27T09:29:54,5.774,0x77,24700.890,23.10,58.92,100779.16,0xb0,background
DATA,2026-01-27T09:29:54,6.007,0x76,5684.850,23.09,59.96,100783.45,0xb0,background
DATA,2026-01-27T09:29:54,6.007,0x77,25034.230,23.10,58.92,100775.20,0xb0,background
DATA,2026-01-27T09:29:55,6.238,0x76,5684.850,23.09,59.93,100791.23,0xb0,background
DATA,2026-01-27T09:29:55,6.238,0x77,25331.490,23.10,58.89,100773.82,0xb0,background
DATA,2026-01-27T09:29:55,6.468,0x76,5684.850,23.11,59.89,100791.22,0xb0,background
DATA,2026-01-27T09:29:55,6.468,0x77,25513.260,23.11,58.84,100779.09,0xb0,background
DATA,2026-01-27T09:29:55,6.699,0x76,5684.850,23.11,59.85,100786.02,0xb0,background
DATA,2026-01-27T09:29:55,6.699,0x77,25916.180,23.12,58.83,100779.02,0xb0,background
DATA,2026-01-27T09:29:55,6.930,0x76,5684.850,23.12,59.83,100788.60,0xb0,background
DATA,2026-01-27T09:29:55,6.930,0x77,26348.290,23.12,58.80,100779.02,0xb0,background
DATA,2026-01-27T09:29:55,7.160,0x76,5684.850,23.12,59.79,100784.70,0xb0,background
DATA,2026-01-27T09:29:56,7.160,0x77,26627.830,23.13,58.80,100774.97,0xb0,background
DATA,2026-01-27T09:29:56,7.391,0x76,5684.850,23.12,59.78,100784.70,0xb0,background
DATA,2026-01-27T09:29:56,7.391,0x77,26913.370,23.13,58.75,100780.31,0xb0,background
DATA,2026-01-27T09:29:56,7.623,0x76,5684.850,23.13,59.76,100785.98,0xb0,background
DATA,2026-01-27T09:29:56,7.623,0x77,27257.240,23.13,58.73,100777.64,0xb0,background
DATA,2026-01-27T09:29:56,7.856,0x76,5684.850,23.13,59.75,100784.67,0xb0,background
DATA,2026-01-27T09:29:56,7.856,0x77,27556.510,23.14,58.72,100780.23,0xb0,background
DATA,2026-01-27T09:29:56,8.088,0x76,5684.850,23.13,59.75,100789.87,0xb0,background
DATA,2026-01-27T09:29:56,8.088,0x77,27789.840,23.14,58.69,100777.56,0xb0,background
DATA,2026-01-27T09:29:57,8.321,0x76,5684.850,23.13,59.72,100782.08,0xb0,background
DATA,2026-01-27T09:29:57,8.321,0x77,28119.510,23.14,58.71,100781.53,0xb0,background
DATA,2026-01-27T09:29:57,8.553,0x76,5684.850,23.13,59.71,100779.48,0xb0,background
DATA,2026-01-27T09:29:57,8.553,0x77,28495.100,23.15,58.68,100780.16,0xb0,background
DATA,2026-01-27T09:29:57,8.783,0x76,5684.850,23.15,59.63,100783.34,0xb0,background
DATA,2026-01-27T09:29:57,8.783,0x77,28764.040,23.15,58.64,100776.11,0xb0,background
DATA,2026-01-27T09:29:57,9.014,0x76,5684.850,23.16,59.62,100788.52,0xb0,background
DATA,2026-01-27T09:29:57,9.014,0x77,28939.630,23.17,58.63,100774.66,0xb0,background
DATA,2026-01-27T09:29:58,9.245,0x76,5684.850,23.16,59.60,100783.32,0xb0,background
DATA,2026-01-27T09:29:58,9.245,0x77,29297.320,23.16,58.61,100776.03,0xb0,background
DATA,2026-01-27T09:29:58,9.476,0x76,5684.850,23.17,59.60,100780.70,0xb0,background
DATA,2026-01-27T09:29:58,9.476,0x77,29459.150,23.18,58.58,100778.62,0xb0,background
DATA,2026-01-27T09:29:58,9.706,0x76,5684.850,23.17,59.58,100791.09,0xb0,background
DATA,2026-01-27T09:29:58,9.706,0x77,29809.040,23.19,58.60,100781.23,0xb0,background
DATA,2026-01-27T09:29:58,9.939,0x76,5684.850,23.17,59.55,100785.90,0xb0,background
DATA,2026-01-27T09:29:58,9.939,0x77,30274.360,23.19,58.56,100778.55,0xb0,background
DATA,2026-01-27T09:29:58,10.171,0x76,5684.850,23.18,59.55,100789.78,0xb0,background
DATA,2026-01-27T09:29:59,10.171,0x77,30490.710,23.17,58.57,100777.33,0xb0,background
DATA,2026-01-27T09:29:59,10.404,0x76,5684.850,23.18,59.52,100789.78,0xb0,background
DATA,2026-01-27T09:29:59,10.404,0x77,30798.850,23.19,58.53,100783.90,0xb0,background
DATA,2026-01-27T09:29:59,10.635,0x76,5684.850,23.18,59.50,100788.48,0xb0,background
DATA,2026-01-27T09:29:59,10.635,0x77,31000.240,23.19,58.54,100782.52,0xb0,background
DATA,2026-01-27T09:29:59,10.868,0x76,5684.850,23.18,59.49,100788.48,0xb0,background
DATA,2026-01-27T09:29:59,10.868,0x77,31318.820,23.20,58.52,100778.48,0xb0,background
DATA,2026-01-27T09:29:59,11.100,0x76,5684.850,23.18,59.45,100785.88,0xb0,background
DATA,2026-01-27T09:29:59,11.100,0x77,31597.140,23.21,58.49,100783.74,0xb0,background
DATA,2026-01-27T09:30:00,11.333,0x76,5684.850,23.18,59.44,100788.48,0xb0,background
DATA,2026-01-27T09:30:00,11.333,0x77,31856.640,23.20,58.51,100781.15,0xb0,background
DATA,2026-01-27T09:30:00,11.565,0x76,5684.850,23.18,59.45,100788.48,0xb0,background
DATA,2026-01-27T09:30:00,11.565,0x77,32072.160,23.19,58.50,100779.85,0xb0,background
DATA,2026-01-27T09:30:00,11.797,0x76,5684.850,23.20,59.42,100787.15,0xb0,background
DATA,2026-01-27T09:30:00,11.797,0x77,32512.060,23.21,58.47,100783.74,0xb0,background
DATA,2026-01-27T09:30:00,12.027,0x76,5684.850,23.20,59.43,100783.23,0xb0,background
DATA,2026-01-27T09:30:00,12.027,0x77,32711.470,23.21,58.43,100777.02,0xb0,background
DATA,2026-01-27T09:30:01,12.260,0x76,5684.850,23.20,59.41,100789.74,0xb0,background
DATA,2026-01-27T09:30:01,12.260,0x77,32964.200,23.21,58.44,100777.02,0xb0,background
DATA,2026-01-27T09:30:01,12.492,0x76,5684.850,23.21,59.39,100789.72,0xb0,background
DATA,2026-01-27T09:30:01,12.492,0x77,33195.020,23.22,58.43,100778.32,0xb0,background
DATA,2026-01-27T09:30:01,12.726,0x76,5684.850,23.20,59.39,100789.74,0xb0,background
DATA,2026-01-27T09:30:01,12.726,0x77,33560.570,23.22,58.41,100780.99,0xb0,background
DATA,2026-01-27T09:30:01,12.957,0x76,5684.850,23.22,59.37,100790.98,0xb0,background
DATA,2026-01-27T09:30:01,12.957,0x77,33826.640,23.22,58.43,100784.96,0xb0,background
DATA,2026-01-27T09:30:02,13.187,0x76,5684.850,23.22,59.33,100784.51,0xb0,background
DATA,2026-01-27T09:30:02,13.187,0x77,34178.910,23.23,58.41,100775.56,0xb0,background
DATA,2026-01-27T09:30:02,13.418,0x76,5684.850,23.22,59.31,100785.79,0xb0,background
DATA,2026-01-27T09:30:02,13.418,0x77,34343.980,23.23,58.38,100776.86,0xb0,background
DATA,2026-01-27T09:30:02,13.648,0x76,5684.850,23.23,59.34,100787.08,0xb0,background
DATA,2026-01-27T09:30:02,13.648,0x77,34678.950,23.23,58.38,100776.86,0xb0,background
DATA,2026-01-27T09:30:02,13.879,0x76,5684.850,23.22,59.28,100783.20,0xb0,background
DATA,2026-01-27T09:30:02,13.879,0x77,34877.380,23.24,58.36,100776.78,0xb0,background
DATA,2026-01-27T09:30:02,14.109,0x76,5684.850,23.23,59.31,100785.77,0xb0,background
DATA,2026-01-27T09:30:02,14.109,0x77,35135.880,23.24,58.34,100775.48,0xb0,background
DATA,2026-01-27T09:30:03,14.340,0x76,5684.850,23.23,59.25,100783.17,0xb0,background
DATA,2026-01-27T09:30:03,14.340,0x77,35339.590,23.25,58.32,100782.05,0xb0,background
DATA,2026-01-27T09:30:03,14.573,0x76,5684.850,23.25,59.23,100788.34,0xb0,background
DATA,2026-01-27T09:30:03,14.573,0x77,35814.210,23.25,58.31,100779.38,0xb0,background
DATA,2026-01-27T09:30:03,14.805,0x76,5684.850,23.23,59.25,100785.77,0xb0,background
DATA,2026-01-27T09:30:03,14.805,0x77,35874.440,23.26,58.31,100786.02,0xb0,background
DATA,2026-01-27T09:30:03,15.035,0x76,5684.850,23.25,59.25,100784.44,0xb0,background
DATA,2026-01-27T09:30:03,15.035,0x77,36240.090,23.26,58.28,100778.01,0xb0,background
DATA,2026-01-27T09:30:04,15.268,0x76,5684.850,23.25,59.22,100785.75,0xb0,background
DATA,2026-01-27T09:30:04,15.268,0x77,36488.030,23.25,58.28,100782.05,0xb0,background
DATA,2026-01-27T09:30:04,15.501,0x76,5684.850,23.25,59.19,100788.34,0xb0,background
DATA,2026-01-27T09:30:04,15.501,0x77,36707.770,23.25,58.27,100772.73,0xb0,background
DATA,2026-01-27T09:30:04,15.733,0x76,5684.850,23.25,59.20,100781.84,0xb0,background
DATA,2026-01-27T09:30:04,15.733,0x77,37090.700,23.26,58.25,100775.33,0xb0,background
DATA,2026-01-27T09:30:04,15.963,0x76,5684.850,23.26,59.22,100788.33,0xb0,background
DATA,2026-01-27T09:30:04,15.963,0x77,37350.450,23.27,58.25,100780.60,0xb0,background
DATA,2026-01-27T09:30:05,16.196,0x76,5684.850,23.26,59.20,100790.92,0xb0,background
DATA,2026-01-27T09:30:05,16.196,0x77,37613.870,23.28,58.22,100781.90,0xb0,background
DATA,2026-01-27T09:30:05,16.429,0x76,5684.850,23.26,59.18,100785.73,0xb0,background
DATA,2026-01-27T09:30:05,16.429,0x77,37680.300,23.27,58.23,100777.93,0xb0,background
DATA,2026-01-27T09:30:05,16.661,0x76,5684.850,23.27,59.16,100790.90,0xb0,background
DATA,2026-01-27T09:30:05,16.661,0x77,37813.890,23.28,58.21,100787.24,0xb0,background
DATA,2026-01-27T09:30:05,16.893,0x76,5684.850,23.26,59.17,100788.33,0xb0,background
DATA,2026-01-27T09:30:05,16.893,0x77,38392.320,23.28,58.20,100776.55,0xb0,background
DATA,2026-01-27T09:30:05,17.123,0x76,5684.850,23.27,59.15,100788.30,0xb0,background
DATA,2026-01-27T09:30:06,17.123,0x77,38565.830,23.28,58.18,100783.20,0xb0,background
DATA,2026-01-27T09:30:06,17.356,0x76,5684.850,23.26,59.15,100787.02,0xb0,background
DATA,2026-01-27T09:30:06,17.356,0x77,38917.610,23.28,58.17,100780.52,0xb0,background
DATA,2026-01-27T09:30:06,17.588,0x76,5684.850,23.27,59.12,100784.40,0xb0,background
DATA,2026-01-27T09:30:06,17.588,0x77,39239.730,23.28,58.18,100772.50,0xb0,background
DATA,2026-01-27T09:30:06,17.821,0x76,5684.850,23.27,59.11,100789.59,0xb0,background
DATA,2026-01-27T09:30:06,17.821,0x77,39348.290,23.29,58.19,100777.77,0xb0,background
DATA,2026-01-27T09:30:06,18.053,0x76,5684.850,23.27,59.12,100784.40,0xb0,background
DATA,2026-01-27T09:30:06,18.053,0x77,39714.550,23.29,58.15,100776.47,0xb0,background
DATA,2026-01-27T09:30:07,18.283,0x76,5684.850,23.29,59.08,100790.86,0xb0,background
DATA,2026-01-27T09:30:07,18.283,0x77,39937.600,23.30,58.14,100776.39,0xb0,background
DATA,2026-01-27T09:30:07,18.516,0x76,5684.850,23.28,59.04,100785.68,0xb0,background
DATA,2026-01-27T09:30:07,18.516,0x77,40238.920,23.30,58.14,100783.04,0xb0,background
DATA,2026-01-27T09:30:07,18.749,0x76,5684.850,23.29,59.04,100790.86,0xb0,background
DATA,2026-01-27T09:30:07,18.749,0x77,40353.090,23.29,58.11,100783.12,0xb0,background
DATA,2026-01-27T09:30:07,18.979,0x76,5684.850,23.29,59.04,100789.55,0xb0,background
DATA,2026-01-27T09:30:07,18.979,0x77,40738.380,23.31,58.14,100785.63,0xb0,background
DATA,2026-01-27T09:30:08,19.212,0x76,5684.850,23.28,59.08,100789.57,0xb0,background
DATA,2026-01-27T09:30:08,19.212,0x77,40855.410,23.30,58.13,100780.37,0xb0,background
DATA,2026-01-27T09:30:08,19.443,0x76,5684.850,23.30,59.04,100790.84,0xb0,background
DATA,2026-01-27T09:30:08,19.443,0x77,41290.320,23.30,58.14,100775.02,0xb0,background
DATA,2026-01-27T09:30:08,19.673,0x76,5684.850,23.30,59.02,100786.93,0xb0,background
DATA,2026-01-27T09:30:08,19.673,0x77,41410.550,23.31,58.08,100778.98,0xb0,background
DATA,2026-01-27T09:30:08,19.904,0x76,5684.850,23.30,58.99,100783.04,0xb0,background
DATA,2026-01-27T09:30:08,19.904,0x77,41734.590,23.32,58.09,100781.59,0xb0,background
DATA,2026-01-27T09:30:08,20.135,0x76,5684.850,23.30,59.00,100789.52,0xb0,background
DATA,2026-01-27T09:30:09,20.135,0x77,41980.980,23.32,58.05,100781.59,0xb0,background
DATA,2026-01-27T09:30:09,20.365,0x76,5684.850,23.31,59.03,100785.62,0xb0,background
DATA,2026-01-27T09:30:09,20.365,0x77,42188.530,23.32,58.07,100778.91,0xb0,background
DATA,2026-01-27T09:30:09,20.596,0x76,5684.850,23.30,58.96,100784.33,0xb0,background
DATA,2026-01-27T09:30:09,20.596,0x77,42524.920,23.32,58.05,100782.88,0xb0,background
DATA,2026-01-27T09:30:09,20.826,0x76,5684.850,23.31,58.95,100783.02,0xb0,background
DATA,2026-01-27T09:30:09,20.826,0x77,42737.900,23.33,58.07,100780.12,0xb0,background
DATA,2026-01-27T09:30:09,21.057,0x76,5684.850,23.32,58.97,100785.59,0xb0,background
DATA,2026-01-27T09:30:09,21.057,0x77,43257.860,23.33,58.05,100776.16,0xb0,background
DATA,2026-01-27T09:30:10,21.288,0x76,5684.850,23.33,58.97,100789.48,0xb0,background
DATA,2026-01-27T09:30:10,21.288,0x77,43345.750,23.33,58.03,100782.80,0xb0,background
DATA,2026-01-27T09:30:10,21.518,0x76,5684.850,23.33,58.95,100786.88,0xb0,background
DATA,2026-01-27T09:30:10,21.518,0x77,43522.610,23.33,58.05,100773.48,0xb0,background
DATA,2026-01-27T09:30:10,21.749,0x76,5684.850,23.33,58.93,100790.77,0xb0,background
DATA,2026-01-27T09:30:10,21.749,0x77,43611.590,23.33,58.02,100774.78,0xb0,background
DATA,2026-01-27T09:30:10,21.979,0x76,5684.850,23.33,58.95,100789.48,0xb0,background
DATA,2026-01-27T09:30:10,21.979,0x77,43880.700,23.34,58.01,100776.08,0xb0,background
DATA,2026-01-27T09:30:11,22.210,0x76,5684.850,23.33,58.90,100785.57,0xb0,background
DATA,2026-01-27T09:30:11,22.210,0x77,44382.800,23.34,58.00,100776.08,0xb0,background
DATA,2026-01-27T09:30:11,22.440,0x76,5684.850,23.33,58.87,100785.57,0xb0,background
DATA,2026-01-27T09:30:11,22.440,0x77,44521.740,23.35,57.98,100778.67,0xb0,background
DATA,2026-01-27T09:30:11,22.671,0x76,5684.850,23.31,58.88,100776.51,0xb0,background
DATA,2026-01-27T09:30:11,22.671,0x77,44521.740,23.34,57.99,100772.02,0xb0,background
DATA,2026-01-27T09:30:11,22.902,0x76,5684.850,23.34,58.89,100789.46,0xb0,background
DATA,2026-01-27T09:30:11,22.902,0x77,45038.710,23.34,57.96,100777.38,0xb0,background
DATA,2026-01-27T09:30:11,23.132,0x76,5684.850,23.33,58.87,100784.28,0xb0,background
DATA,2026-01-27T09:30:12,23.132,0x77,45133.990,23.35,57.96,100778.67,0xb0,background
DATA,2026-01-27T09:30:12,23.363,0x76,5684.850,23.33,58.87,100784.28,0xb0,background
DATA,2026-01-27T09:30:12,23.363,0x77,45325.780,23.36,57.94,100777.21,0xb0,background
DATA,2026-01-27T09:30:12,23.593,0x76,5684.850,23.31,58.84,100777.82,0xb0,background
DATA,2026-01-27T09:30:12,23.593,0x77,45714.290,23.36,57.94,100785.23,0xb0,background
DATA,2026-01-27T09:30:12,23.824,0x76,5684.850,23.32,58.83,100785.59,0xb0,background
DATA,2026-01-27T09:30:12,23.824,0x77,46010.070,23.35,57.94,100774.62,0xb0,background
DATA,2026-01-27T09:30:12,24.054,0x76,5687.880,23.31,58.84,100779.11,0xb0,background
DATA,2026-01-27T09:30:12,24.054,0x77,46209.390,23.36,57.93,100782.56,0xb0,background
DATA,2026-01-27T09:30:13,24.285,0x76,5727.580,23.31,58.83,100776.51,0xb0,background
DATA,2026-01-27T09:30:13,24.285,0x77,46259.490,23.37,57.93,100783.86,0xb0,background
DATA,2026-01-27T09:30:13,24.516,0x76,5684.850,23.33,58.80,100784.28,0xb0,background
DATA,2026-01-27T09:30:13,24.516,0x77,46613.250,23.38,57.91,100781.11,0xb0,background
DATA,2026-01-27T09:30:13,24.746,0x76,5706.130,23.31,58.79,100776.51,0xb0,background
DATA,2026-01-27T09:30:13,24.746,0x77,47610.190,23.39,57.90,100777.05,0xb0,background
DATA,2026-01-27T09:30:13,24.977,0x76,5764.730,23.33,58.82,100772.58,0xb0,background
DATA,2026-01-27T09:30:13,24.977,0x77,48012.000,23.38,57.90,100777.13,0xb0,background
DATA,2026-01-27T09:30:14,25.207,0x76,5866.180,23.33,58.77,100775.18,0xb0,background
DATA,2026-01-27T09:30:14,25.207,0x77,48174.630,23.38,57.89,100779.81,0xb0,background
DATA,2026-01-27T09:30:14,25.438,0x76,5684.850,23.33,58.79,100773.89,0xb0,background
DATA,2026-01-27T09:30:14,25.438,0x77,48475.670,23.39,57.90,100787.75,0xb0,background
DATA,2026-01-27T09:30:14,25.669,0x76,5895.360,23.34,58.79,100779.06,0xb0,background
DATA,2026-01-27T09:30:14,25.669,0x77,48613.750,23.38,57.89,100779.81,0xb0,background
DATA,2026-01-27T09:30:14,25.899,0x76,5690.910,23.34,58.77,100777.75,0xb0,background
DATA,2026-01-27T09:30:14,25.899,0x77,49117.420,23.39,57.88,100783.70,0xb0,background
DATA,2026-01-27T09:30:14,26.132,0x76,5885.600,23.34,58.75,100781.66,0xb0,background
DATA,2026-01-27T09:30:15,26.132,0x77,49230.770,23.38,57.88,100778.43,0xb0,background
DATA,2026-01-27T09:30:15,26.365,0x76,5715.310,23.34,58.77,100779.06,0xb0,background
DATA,2026-01-27T09:30:15,26.365,0x77,49573.970,23.39,57.87,100782.41,0xb0,background
DATA,2026-01-27T09:30:15,26.597,0x76,5934.720,23.34,58.74,100777.75,0xb0,background
DATA,2026-01-27T09:30:15,26.597,0x77,49660.520,23.39,57.84,100782.41,0xb0,background
DATA,2026-01-27T09:30:15,26.827,0x76,5752.290,23.34,58.72,100782.95,0xb0,background
DATA,2026-01-27T09:30:15,26.827,0x77,49980.480,23.39,57.83,100777.05,0xb0,background
DATA,2026-01-27T09:30:15,27.060,0x76,5988.020,23.35,58.74,100781.64,0xb0,background
DATA,2026-01-27T09:30:15,27.060,0x77,50215.770,23.39,57.83,100781.02,0xb0,background
DATA,2026-01-27T09:30:16,27.291,0x76,5872.640,23.34,58.71,100777.75,0xb0,background
DATA,2026-01-27T09:30:16,27.291,0x77,50483.140,23.40,57.84,100780.95,0xb0,background
DATA,2026-01-27T09:30:16,27.521,0x76,5885.600,23.35,58.70,100782.93,0xb0,background
DATA,2026-01-27T09:30:16,27.521,0x77,50753.370,23.41,57.81,100779.57,0xb0,background
DATA,2026-01-27T09:30:16,27.752,0x76,5898.620,23.35,58.69,100772.53,0xb0,background
DATA,2026-01-27T09:30:16,27.752,0x77,50996.020,23.40,57.81,100783.62,0xb0,background
DATA,2026-01-27T09:30:16,27.985,0x76,5921.540,23.35,58.71,100777.73,0xb0,background
DATA,2026-01-27T09:30:16,27.985,0x77,51395.300,23.40,57.80,100780.95,0xb0,background
DATA,2026-01-27T09:30:17,28.217,0x76,5931.420,23.36,58.66,100771.22,0xb0,background
DATA,2026-01-27T09:30:17,28.217,0x77,51426.280,23.39,57.80,100775.68,0xb0,background
DATA,2026-01-27T09:30:17,28.447,0x76,5967.920,23.36,58.66,100772.51,0xb0,background
DATA,2026-01-27T09:30:17,28.447,0x77,51769.460,23.40,57.78,100780.95,0xb0,background
DATA,2026-01-27T09:30:17,28.678,0x76,5964.590,23.37,58.67,100773.80,0xb0,background
DATA,2026-01-27T09:30:17,28.678,0x77,51863.860,23.41,57.77,100782.24,0xb0,background
DATA,2026-01-27T09:30:17,28.909,0x76,5984.660,23.36,58.66,100777.70,0xb0,background
DATA,2026-01-27T09:30:17,28.909,0x77,52341.040,23.41,57.76,100780.87,0xb0,background
DATA,2026-01-27T09:30:17,29.139,0x76,5991.390,23.37,58.66,100775.09,0xb0,background
DATA,2026-01-27T09:30:18,29.139,0x77,52276.900,23.41,57.77,100780.87,0xb0,background
DATA,2026-01-27T09:30:18,29.372,0x76,6015.040,23.35,58.62,100772.53,0xb0,background
DATA,2026-01-27T09:30:18,29.372,0x77,52534.380,23.42,57.76,100779.49,0xb0,background
DATA,2026-01-27T09:30:18,29.605,0x76,6032.050,23.36,58.63,100780.30,0xb0,background
DATA,2026-01-27T09:30:18,29.605,0x77,52925.370,23.41,57.76,100786.22,0xb0,background
DATA,2026-01-27T09:30:18,29.837,0x76,6052.580,23.36,58.61,100772.51,0xb0,background
DATA,2026-01-27T09:30:18,29.837,0x77,53489.340,23.40,57.76,100780.95,0xb0,background
DATA,2026-01-27T09:30:18,30.067,0x76,6073.260,23.38,58.63,100773.77,0xb0,background
DATA,2026-01-27T09:30:18,30.067,0x77,53255.670,23.42,57.73,100784.84,0xb0,background
DATA,2026-01-27T09:30:19,30.300,0x76,6101.050,23.37,58.61,100781.59,0xb0,background
DATA,2026-01-27T09:30:19,30.300,0x77,53691.270,23.42,57.74,100780.79,0xb0,background
DATA,2026-01-27T09:30:19,30.533,0x76,6115.040,23.37,58.59,100777.68,0xb0,background
DATA,2026-01-27T09:30:19,30.533,0x77,53691.270,23.41,57.74,100783.54,0xb0,background
DATA,2026-01-27T09:30:19,30.764,0x76,6153.850,23.38,58.58,100778.97,0xb0,background
DATA,2026-01-27T09:30:19,30.764,0x77,54031.240,23.42,57.73,100783.46,0xb0,background
DATA,2026-01-27T09:30:19,30.995,0x76,6153.850,23.38,58.58,100773.77,0xb0,background
DATA,2026-01-27T09:30:19,30.995,0x77,54619.160,23.42,57.73,100780.79,0xb0,background
DATA,2026-01-27T09:30:20,31.227,0x76,6193.150,23.38,58.55,100776.38,0xb0,background
DATA,2026-01-27T09:30:20,31.227,0x77,54759.360,23.42,57.69,100780.79,0xb0,background
DATA,2026-01-27T09:30:20,31.457,0x76,6211.180,23.38,58.52,100786.77,0xb0,background
DATA,2026-01-27T09:30:20,31.457,0x77,54971.010,23.43,57.70,100779.41,0xb0,background
DATA,2026-01-27T09:30:20,31.688,0x76,6207.570,23.39,58.52,100784.15,0xb0,background
DATA,2026-01-27T09:30:20,31.688,0x77,55113.020,23.43,57.70,100778.03,0xb0,background
DATA,2026-01-27T09:30:20,31.919,0x76,6225.680,23.39,58.54,100781.55,0xb0,background
DATA,2026-01-27T09:30:20,31.919,0x77,55543.500,23.44,57.67,100779.33,0xb0,background
DATA,2026-01-27T09:30:20,32.151,0x76,6269.590,23.38,58.54,100780.26,0xb0,background
DATA,2026-01-27T09:30:21,32.151,0x77,55652.180,23.43,57.70,100783.38,0xb0,background
DATA,2026-01-27T09:30:21,32.384,0x76,6273.280,23.39,58.55,100778.95,0xb0,background
DATA,2026-01-27T09:30:21,32.384,0x77,55907.400,23.44,57.68,100782.00,0xb0,background
DATA,2026-01-27T09:30:21,32.617,0x76,6295.490,23.39,58.52,100776.35,0xb0,background
DATA,2026-01-27T09:30:21,32.617,0x77,56128.040,23.43,57.66,100775.36,0xb0,background
DATA,2026-01-27T09:30:21,32.849,0x76,6321.610,23.40,58.47,100772.44,0xb0,background
DATA,2026-01-27T09:30:21,32.849,0x77,56313.240,23.44,57.67,100776.66,0xb0,background
DATA,2026-01-27T09:30:21,33.081,0x76,6336.630,23.39,58.45,100778.95,0xb0,background
DATA,2026-01-27T09:30:21,33.081,0x77,56687.330,23.44,57.66,100782.00,0xb0,background
DATA,2026-01-27T09:30:22,33.311,0x76,6336.630,23.39,58.49,100773.75,0xb0,background
DATA,2026-01-27T09:30:22,33.311,0x77,56914.180,23.44,57.65,100777.95,0xb0,background
DATA,2026-01-27T09:30:22,33.544,0x76,6378.310,23.40,58.46,100777.63,0xb0,background
DATA,2026-01-27T09:30:22,33.544,0x77,57142.860,23.44,57.64,100776.66,0xb0,background
DATA,2026-01-27T09:30:22,33.777,0x76,6416.680,23.40,58.45,100772.44,0xb0,background
DATA,2026-01-27T09:30:22,33.777,0x77,57489.330,23.45,57.64,100781.92,0xb0,background
DATA,2026-01-27T09:30:22,34.009,0x76,6432.160,23.40,58.44,100782.84,0xb0,background
DATA,2026-01-27T09:30:22,34.009,0x77,57219.490,23.45,57.64,100785.90,0xb0,background
DATA,2026-01-27T09:30:23,34.239,0x76,6455.520,23.40,58.47,100776.33,0xb0,background
DATA,2026-01-27T09:30:23,34.239,0x77,57761.730,23.45,57.63,100783.22,0xb0,background
DATA,2026-01-27T09:30:23,34.472,0x76,6459.430,23.40,58.41,100776.33,0xb0,background
DATA,2026-01-27T09:30:23,34.472,0x77,58434.150,23.45,57.62,100779.25,0xb0,background
DATA,2026-01-27T09:30:23,34.705,0x76,6479.040,23.40,58.45,100772.44,0xb0,background
DATA,2026-01-27T09:30:23,34.705,0x77,58434.150,23.44,57.61,100783.30,0xb0,background
DATA,2026-01-27T09:30:23,34.935,0x76,6494.820,23.40,58.41,100773.73,0xb0,background
DATA,2026-01-27T09:30:23,34.935,0x77,58554.440,23.45,57.62,100775.20,0xb0,background
DATA,2026-01-27T09:30:23,35.166,0x76,6526.620,23.41,58.41,100772.41,0xb0,background
DATA,2026-01-27T09:30:24,35.166,0x77,59163.390,23.45,57.61,100777.87,0xb0,background
DATA,2026-01-27T09:30:24,35.397,0x76,6554.690,23.42,58.39,100777.59,0xb0,background
DATA,2026-01-27T09:30:24,35.397,0x77,58959.000,23.47,57.60,100776.41,0xb0,background
DATA,2026-01-27T09:30:24,35.627,0x76,6550.670,23.42,58.36,100774.99,0xb0,background
DATA,2026-01-27T09:30:24,35.627,0x77,59701.490,23.46,57.59,100787.20,0xb0,background
DATA,2026-01-27T09:30:24,35.858,0x76,6574.890,23.41,58.37,100776.30,0xb0,background
DATA,2026-01-27T09:30:24,35.858,0x77,59410.540,23.46,57.58,100777.79,0xb0,background
DATA,2026-01-27T09:30:24,36.088,0x76,6591.140,23.41,58.38,100769.81,0xb0,background
DATA,2026-01-27T09:30:24,36.088,0x77,59659.750,23.47,57.57,100781.76,0xb0,background
DATA,2026-01-27T09:30:25,36.319,0x76,6611.570,23.41,58.36,100773.70,0xb0,background
DATA,2026-01-27T09:30:25,36.319,0x77,59995.310,23.47,57.54,100776.41,0xb0,background
DATA,2026-01-27T09:30:25,36.550,0x76,6632.120,23.42,58.34,100782.79,0xb0,background
DATA,2026-01-27T09:30:25,36.550,0x77,60122.120,23.47,57.55,100781.76,0xb0,background
DATA,2026-01-27T09:30:25,36.780,0x76,6673.620,23.43,58.35,100777.56,0xb0,background
DATA,2026-01-27T09:30:25,36.780,0x77,60591.710,23.48,57.55,100783.05,0xb0,background
DATA,2026-01-27T09:30:25,37.011,0x76,6677.800,23.42,58.31,100777.59,0xb0,background
DATA,2026-01-27T09:30:25,37.011,0x77,60721.060,23.48,57.54,100780.38,0xb0,background
DATA,2026-01-27T09:30:26,37.241,0x76,6715.630,23.42,58.33,100776.27,0xb0,background
DATA,2026-01-27T09:30:26,37.241,0x77,61200.090,23.48,57.52,100784.36,0xb0,background
DATA,2026-01-27T09:30:26,37.472,0x76,6719.870,23.42,58.31,100767.20,0xb0,background
DATA,2026-01-27T09:30:26,37.472,0x77,61156.230,23.48,57.53,100775.03,0xb0,background
DATA,2026-01-27T09:30:26,37.705,0x76,6762.470,23.42,58.35,100776.27,0xb0,background
DATA,2026-01-27T09:30:26,37.705,0x77,61776.060,23.48,57.53,100787.03,0xb0,background
DATA,2026-01-27T09:30:26,37.935,0x76,6775.350,23.43,58.30,100777.56,0xb0,background
DATA,2026-01-27T09:30:26,37.935,0x77,61686.750,23.49,57.50,100788.33,0xb0,background
DATA,2026-01-27T09:30:26,38.168,0x76,6771.050,23.42,58.31,100777.59,0xb0,background
DATA,2026-01-27T09:30:27,38.168,0x77,62408.580,23.48,57.48,100779.01,0xb0,background
DATA,2026-01-27T09:30:27,38.401,0x76,6809.960,23.42,58.30,100776.27,0xb0,background
DATA,2026-01-27T09:30:27,38.401,0x77,62090.710,23.48,57.49,100789.70,0xb0,background
DATA,2026-01-27T09:30:27,38.633,0x76,6849.310,23.42,58.31,100776.27,0xb0,background
DATA,2026-01-27T09:30:27,38.633,0x77,62545.810,23.49,57.49,100782.98,0xb0,background
DATA,2026-01-27T09:30:27,38.863,0x76,6836.150,23.43,58.29,100777.56,0xb0,background
DATA,2026-01-27T09:30:27,38.863,0x77,62591.690,23.49,57.49,100782.98,0xb0,background
DATA,2026-01-27T09:30:27,39.096,0x76,6880.240,23.43,58.28,100778.85,0xb0,background
DATA,2026-01-27T09:30:27,39.096,0x77,62775.870,23.49,57.48,100785.66,0xb0,background
DATA,2026-01-27T09:30:28,39.327,0x76,6889.130,23.43,58.27,100773.66,0xb0,background
DATA,2026-01-27T09:30:28,39.327,0x77,62961.140,23.50,57.47,100785.57,0xb0,background
DATA,2026-01-27T09:30:28,39.557,0x76,6902.500,23.44,58.24,100781.43,0xb0,background
DATA,2026-01-27T09:30:28,39.557,0x77,63523.570,23.49,57.47,100784.27,0xb0,background
DATA,2026-01-27T09:30:28,39.788,0x76,6920.420,23.44,58.28,100773.63,0xb0,background
DATA,2026-01-27T09:30:28,39.788,0x77,63713.290,23.49,57.46,100781.60,0xb0,background
DATA,2026-01-27T09:30:28,40.019,0x76,6956.520,23.44,58.25,100778.83,0xb0,background
DATA,2026-01-27T09:30:28,40.019,0x77,63665.750,23.50,57.44,100786.87,0xb0,background
DATA,2026-01-27T09:30:29,40.249,0x76,6988.430,23.44,58.25,100773.63,0xb0,background
DATA,2026-01-27T09:30:29,40.249,0x77,64240.900,23.50,57.45,100778.84,0xb0,background
DATA,2026-01-27T09:30:29,40.480,0x76,7025.250,23.44,58.23,100776.23,0xb0,background
DATA,2026-01-27T09:30:29,40.480,0x77,64386.320,23.50,57.45,100786.87,0xb0,background
DATA,2026-01-27T09:30:29,40.710,0x76,7016.010,23.44,58.24,100773.63,0xb0,background
DATA,2026-01-27T09:30:29,40.710,0x77,64777.330,23.50,57.45,100780.22,0xb0,background
DATA,2026-01-27T09:30:29,40.941,0x76,7048.460,23.46,58.22,100777.49,0xb0,background
DATA,2026-01-27T09:30:29,40.941,0x77,64777.330,23.51,57.44,100782.81,0xb0,background
DATA,2026-01-27T09:30:29,41.172,0x76,7081.210,23.45,58.20,100773.61,0xb0,background
DATA,2026-01-27T09:30:30,41.172,0x77,64777.330,23.50,57.42,100774.87,0xb0,background
DATA,2026-01-27T09:30:30,41.402,0x76,7071.820,23.45,58.23,100778.80,0xb0,background
DATA,2026-01-27T09:30:30,41.402,0x77,64974.620,23.51,57.38,100780.14,0xb0,background
DATA,2026-01-27T09:30:30,41.633,0x76,7100.070,23.46,58.19,100772.30,0xb0,background
DATA,2026-01-27T09:30:30,41.633,0x77,65523.420,23.51,57.41,100780.14,0xb0,background
DATA,2026-01-27T09:30:30,41.863,0x76,7142.860,23.45,58.20,100773.61,0xb0,background
DATA,2026-01-27T09:30:30,41.863,0x77,65775.950,23.52,57.39,100780.05,0xb0,background
DATA,2026-01-27T09:30:30,42.094,0x76,7152.440,23.46,58.20,100774.89,0xb0,background
DATA,2026-01-27T09:30:30,42.094,0x77,65826.690,23.51,57.38,100778.76,0xb0,background
DATA,2026-01-27T09:30:31,42.325,0x76,7191.010,23.46,58.18,100774.89,0xb0,background
DATA,2026-01-27T09:30:31,42.325,0x77,66286.900,23.52,57.41,100780.05,0xb0,background
DATA,2026-01-27T09:30:31,42.555,0x76,7225.110,23.46,58.20,100772.30,0xb0,background
DATA,2026-01-27T09:30:31,42.555,0x77,66545.360,23.51,57.39,100781.44,0xb0,background
DATA,2026-01-27T09:30:31,42.786,0x76,7205.580,23.46,58.20,100774.89,0xb0,background
DATA,2026-01-27T09:30:31,42.786,0x77,66493.510,23.52,57.35,100780.05,0xb0,background
DATA,2026-01-27T09:30:31,43.016,0x76,7254.590,23.46,58.22,100776.18,0xb0,background
DATA,2026-01-27T09:30:31,43.016,0x77,67068.380,23.52,57.37,100782.73,0xb0,background
DATA,2026-01-27T09:30:32,43.247,0x76,7264.470,23.46,58.15,100776.18,0xb0,background
DATA,2026-01-27T09:30:32,43.247,0x77,67226.890,23.52,57.38,100780.05,0xb0,background
DATA,2026-01-27T09:30:32,43.480,0x76,7279.340,23.46,58.15,100769.70,0xb0,background
DATA,2026-01-27T09:30:32,43.480,0x77,67173.970,23.52,57.37,100777.38,0xb0,background
DATA,2026-01-27T09:30:32,43.713,0x76,7294.280,23.46,58.16,100778.78,0xb0,background
DATA,2026-01-27T09:30:32,43.713,0x77,67653.270,23.51,57.34,100774.79,0xb0,background
DATA,2026-01-27T09:30:32,43.945,0x76,7324.330,23.46,58.19,100776.18,0xb0,background
DATA,2026-01-27T09:30:32,43.945,0x77,67814.570,23.51,57.35,100773.41,0xb0,background
DATA,2026-01-27T09:30:32,44.175,0x76,7339.450,23.48,58.20,100776.16,0xb0,background
DATA,2026-01-27T09:30:33,44.175,0x77,67922.520,23.53,57.34,100779.98,0xb0,background
DATA,2026-01-27T09:30:33,44.408,0x76,7369.880,23.47,58.15,100777.47,0xb0,background
DATA,2026-01-27T09:30:33,44.408,0x77,67976.630,23.52,57.32,100789.38,0xb0,background
DATA,2026-01-27T09:30:33,44.641,0x76,7385.180,23.47,58.16,100777.47,0xb0,background
DATA,2026-01-27T09:30:33,44.641,0x77,68139.480,23.52,57.34,100780.05,0xb0,background
DATA,2026-01-27T09:30:33,44.873,0x76,7415.990,23.48,58.14,100776.16,0xb0,background
DATA,2026-01-27T09:30:33,44.873,0x77,68577.550,23.53,57.33,100786.62,0xb0,background
DATA,2026-01-27T09:30:33,45.103,0x76,7436.670,23.48,58.16,100777.45,0xb0,background
DATA,2026-01-27T09:30:33,45.103,0x77,68687.950,23.53,57.33,100781.27,0xb0,background
DATA,2026-01-27T09:30:34,45.336,0x76,7452.260,23.48,58.17,100780.04,0xb0,background
DATA,2026-01-27T09:30:34,45.336,0x77,69189.190,23.53,57.32,100783.95,0xb0,background
DATA,2026-01-27T09:30:34,45.569,0x76,7488.880,23.47,58.18,100777.47,0xb0,background
DATA,2026-01-27T09:30:34,45.569,0x77,69357.900,23.53,57.31,100779.98,0xb0,background
DATA,2026-01-27T09:30:34,45.799,0x76,7504.690,23.48,58.12,100770.96,0xb0,background
DATA,2026-01-27T09:30:34,45.799,0x77,69640.910,23.53,57.31,100786.62,0xb0,background
DATA,2026-01-27T09:30:34,46.032,0x76,7509.970,23.48,58.12,100774.84,0xb0,background
DATA,2026-01-27T09:30:34,46.032,0x77,69697.800,23.53,57.31,100786.62,0xb0,background
DATA,2026-01-27T09:30:35,46.265,0x76,7541.830,23.48,58.07,100778.76,0xb0,background
DATA,2026-01-27T09:30:35,46.265,0x77,69640.910,23.54,57.30,100785.25,0xb0,background
DATA,2026-01-27T09:30:35,46.497,0x76,7547.170,23.49,58.11,100776.13,0xb0,background
DATA,2026-01-27T09:30:35,46.497,0x77,70098.580,23.53,57.30,100781.27,0xb0,background
DATA,2026-01-27T09:30:35,46.727,0x76,7563.220,23.49,58.12,100777.42,0xb0,background
DATA,2026-01-27T09:30:35,46.727,0x77,70098.580,23.54,57.31,100785.25,0xb0,background
DATA,2026-01-27T09:30:35,46.960,0x76,7584.740,23.48,58.07,100769.65,0xb0,background
DATA,2026-01-27T09:30:35,46.960,0x77,70620.690,23.53,57.28,100775.92,0xb0,background
DATA,2026-01-27T09:30:36,47.193,0x76,7617.230,23.49,58.08,100773.53,0xb0,background
DATA,2026-01-27T09:30:36,47.193,0x77,70620.690,23.54,57.29,100787.92,0xb0,background
DATA,2026-01-27T09:30:36,47.425,0x76,7639.050,23.49,58.07,100780.02,0xb0,background
DATA,2026-01-27T09:30:36,47.425,0x77,70914.120,23.53,57.27,100775.92,0xb0,background
DATA,2026-01-27T09:30:36,47.655,0x76,7683.070,23.50,58.06,100778.70,0xb0,background
DATA,2026-01-27T09:30:36,47.655,0x77,70855.240,23.54,57.27,100781.20,0xb0,background
DATA,2026-01-27T09:30:36,47.888,0x76,7699.710,23.49,58.07,100776.13,0xb0,background
DATA,2026-01-27T09:30:36,47.888,0x77,71269.480,23.54,57.25,100783.87,0xb0,background
DATA,2026-01-27T09:30:36,48.121,0x76,7705.270,23.49,58.03,100776.13,0xb0,background
DATA,2026-01-27T09:30:37,48.121,0x77,71568.350,23.54,57.25,100786.55,0xb0,background
DATA,2026-01-27T09:30:37,48.351,0x76,7727.600,23.50,58.04,100776.11,0xb0,background
DATA,2026-01-27T09:30:37,48.351,0x77,71809.260,23.55,57.25,100783.79,0xb0,background
DATA,2026-01-27T09:30:37,48.582,0x76,7738.810,23.49,58.03,100772.22,0xb0,background
DATA,2026-01-27T09:30:37,48.582,0x77,72173.660,23.55,57.25,100778.44,0xb0,background
DATA,2026-01-27T09:30:37,48.813,0x76,7755.700,23.50,58.05,100777.39,0xb0,background
DATA,2026-01-27T09:30:37,48.813,0x77,72541.800,23.55,57.24,100778.44,0xb0,background
DATA,2026-01-27T09:30:37,49.043,0x76,7778.320,23.51,58.06,100774.77,0xb0,background
DATA,2026-01-27T09:30:37,49.043,0x77,72789.310,23.55,57.24,100778.44,0xb0,background
DATA,2026-01-27T09:30:38,49.274,0x76,7823.960,23.51,58.04,100777.37,0xb0,background
DATA,2026-01-27T09:30:38,49.274,0x77,72789.310,23.56,57.24,100779.73,0xb0,background
DATA,2026-01-27T09:30:38,49.504,0x76,7852.760,23.51,58.01,100777.37,0xb0,background
DATA,2026-01-27T09:30:38,49.504,0x77,72789.310,23.56,57.24,100781.03,0xb0,background
DATA,2026-01-27T09:30:38,49.735,0x76,7864.340,23.51,58.00,100779.97,0xb0,background
DATA,2026-01-27T09:30:38,49.735,0x77,73289.440,23.56,57.21,100778.35,0xb0,background
DATA,2026-01-27T09:30:38,49.968,0x76,7881.770,23.51,58.03,100774.77,0xb0,background
DATA,2026-01-27T09:30:38,49.968,0x77,73101.090,23.55,57.23,100783.79,0xb0,background
DATA,2026-01-27T09:30:39,50.200,0x76,7881.770,23.51,57.98,100776.08,0xb0,background
DATA,2026-01-27T09:30:39,50.200,0x77,73669.060,23.55,57.22,100778.44,0xb0,background
DATA,2026-01-27T09:30:39,50.433,0x76,7928.640,23.52,58.00,100783.85,0xb0,background
DATA,2026-01-27T09:30:39,50.433,0x77,73605.520,23.55,57.19,100781.11,0xb0,background
DATA,2026-01-27T09:30:39,50.663,0x76,7952.290,23.52,58.01,100778.66,0xb0,background
DATA,2026-01-27T09:30:39,50.663,0x77,73988.440,23.56,57.21,100786.38,0xb0,background
DATA,2026-01-27T09:30:39,50.896,0x76,7952.290,23.51,58.00,100779.97,0xb0,background
DATA,2026-01-27T09:30:39,50.896,0x77,73924.340,23.56,57.18,100779.73,0xb0,background
DATA,2026-01-27T09:30:39,51.127,0x76,7982.040,23.52,57.97,100778.66,0xb0,background
DATA,2026-01-27T09:30:40,51.127,0x77,74181.400,23.57,57.18,100782.33,0xb0,background
DATA,2026-01-27T09:30:40,51.357,0x76,8030.110,23.53,57.99,100779.92,0xb0,background
DATA,2026-01-27T09:30:40,51.357,0x77,74505.240,23.56,57.19,100775.68,0xb0,background
DATA,2026-01-27T09:30:40,51.588,0x76,8054.370,23.55,58.01,100785.09,0xb0,background
DATA,2026-01-27T09:30:40,51.588,0x77,74700.910,23.58,57.19,100780.95,0xb0,background
DATA,2026-01-27T09:30:40,51.819,0x76,8042.220,23.52,57.98,100776.05,0xb0,background
DATA,2026-01-27T09:30:40,51.819,0x77,74897.600,23.58,57.16,100783.62,0xb0,background
DATA,2026-01-27T09:30:40,52.050,0x76,8066.550,23.54,58.03,100773.41,0xb0,background
DATA,2026-01-27T09:30:40,52.050,0x77,75294.120,23.58,57.18,100780.95,0xb0,background
DATA,2026-01-27T09:30:41,52.280,0x76,8097.170,23.54,57.98,100778.61,0xb0,background
DATA,2026-01-27T09:30:41,52.280,0x77,75427.230,23.58,57.15,100782.24,0xb0,background
DATA,2026-01-27T09:30:41,52.511,0x76,8134.210,23.53,57.98,100774.72,0xb0,background
DATA,2026-01-27T09:30:41,52.511,0x77,75493.950,23.58,57.17,100776.89,0xb0,background
DATA,2026-01-27T09:30:41,52.742,0x76,8171.600,23.54,57.97,100778.61,0xb0,background
DATA,2026-01-27T09:30:41,52.742,0x77,75829.380,23.58,57.13,100776.89,0xb0,background
DATA,2026-01-27T09:30:41,52.972,0x76,8184.140,23.55,57.95,100774.70,0xb0,background
DATA,2026-01-27T09:30:41,52.972,0x77,75964.390,23.59,57.13,100783.54,0xb0,background
DATA,2026-01-27T09:30:42,53.203,0x76,8190.430,23.54,57.93,100776.01,0xb0,background
DATA,2026-01-27T09:30:42,53.203,0x77,76372.310,23.59,57.15,100782.16,0xb0,background
DATA,2026-01-27T09:30:42,53.433,0x76,8203.020,23.54,57.94,100770.80,0xb0,background
DATA,2026-01-27T09:30:42,53.433,0x77,76440.730,23.60,57.14,100786.13,0xb0,background
DATA,2026-01-27T09:30:42,53.664,0x76,8203.020,23.56,57.92,100777.27,0xb0,background
DATA,2026-01-27T09:30:42,53.664,0x77,76646.700,23.59,57.12,100779.48,0xb0,background
DATA,2026-01-27T09:30:42,53.897,0x76,8228.340,23.55,57.95,100777.30,0xb0,background
DATA,2026-01-27T09:30:42,53.897,0x77,76853.800,23.59,57.13,100778.19,0xb0,background
DATA,2026-01-27T09:30:42,54.129,0x76,8247.420,23.54,57.95,100773.41,0xb0,background
DATA,2026-01-27T09:30:43,54.129,0x77,76923.080,23.59,57.12,100780.87,0xb0,background
DATA,2026-01-27T09:30:43,54.361,0x76,8266.600,23.55,57.92,100775.98,0xb0,background
DATA,2026-01-27T09:30:43,54.361,0x77,77201.450,23.59,57.13,100782.16,0xb0,background
DATA,2026-01-27T09:30:43,54.591,0x76,8318.170,23.55,57.90,100773.38,0xb0,background
DATA,2026-01-27T09:30:43,54.591,0x77,77271.350,23.60,57.12,100783.46,0xb0,background
DATA,2026-01-27T09:30:43,54.822,0x76,8344.200,23.56,57.91,100777.27,0xb0,background
DATA,2026-01-27T09:30:43,54.822,0x77,77764.270,23.60,57.14,100780.78,0xb0,background
DATA,2026-01-27T09:30:43,55.053,0x76,8344.200,23.56,57.92,100774.67,0xb0,background
DATA,2026-01-27T09:30:43,55.053,0x77,77906.270,23.61,57.11,100783.38,0xb0,background
DATA,2026-01-27T09:30:44,55.285,0x76,8344.200,23.56,57.90,100777.27,0xb0,background
DATA,2026-01-27T09:30:44,55.285,0x77,78120.230,23.60,57.12,100782.08,0xb0,background
DATA,2026-01-27T09:30:44,55.517,0x76,8403.360,23.56,57.89,100778.55,0xb0,background
DATA,2026-01-27T09:30:44,55.517,0x77,78551.700,23.60,57.09,100778.11,0xb0,background
DATA,2026-01-27T09:30:44,55.747,0x76,8409.990,23.56,57.89,100781.16,0xb0,background
DATA,2026-01-27T09:30:44,55.747,0x77,78479.460,23.60,57.10,100778.11,0xb0,background
DATA,2026-01-27T09:30:44,55.980,0x76,8443.270,23.56,57.89,100777.27,0xb0,background
DATA,2026-01-27T09:30:44,55.980,0x77,78769.230,23.60,57.09,100780.78,0xb0,background
DATA,2026-01-27T09:30:45,56.213,0x76,8429.930,23.56,57.87,100781.16,0xb0,background
DATA,2026-01-27T09:30:45,56.213,0x77,78987.970,23.60,57.09,100783.46,0xb0,background
DATA,2026-01-27T09:30:45,56.445,0x76,8463.370,23.57,57.89,100777.24,0xb0,background
DATA,2026-01-27T09:30:45,56.445,0x77,78987.970,23.61,57.10,100783.38,0xb0,background
DATA,2026-01-27T09:30:45,56.675,0x76,8483.560,23.57,57.86,100775.93,0xb0,background
DATA,2026-01-27T09:30:45,56.675,0x77,79355.240,23.60,57.07,100774.05,0xb0,background
DATA,2026-01-27T09:30:45,56.908,0x76,8524.240,23.57,57.86,100777.24,0xb0,background
DATA,2026-01-27T09:30:45,56.908,0x77,79577.240,23.60,57.09,100784.76,0xb0,background
DATA,2026-01-27T09:30:45,57.142,0x76,8558.440,23.56,57.84,100772.07,0xb0,background
DATA,2026-01-27T09:30:46,57.142,0x77,79725.950,23.60,57.09,100779.41,0xb0,background
DATA,2026-01-27T09:30:46,57.373,0x76,8544.730,23.57,57.85,100774.64,0xb0,background
DATA,2026-01-27T09:30:46,57.373,0x77,79577.240,23.61,57.07,100780.70,0xb0,background
DATA,2026-01-27T09:30:46,57.603,0x76,8599.840,23.58,57.85,100779.82,0xb0,background
DATA,2026-01-27T09:30:46,57.603,0x77,80477.840,23.62,57.06,100783.30,0xb0,background
DATA,2026-01-27T09:30:46,57.834,0x76,8613.730,23.58,57.83,100781.10,0xb0,background
DATA,2026-01-27T09:30:46,57.834,0x77,80175.380,23.62,57.05,100780.62,0xb0,background
DATA,2026-01-27T09:30:46,58.065,0x76,8641.640,23.59,57.86,100777.19,0xb0,background
DATA,2026-01-27T09:30:46,58.065,0x77,80706.180,23.62,57.07,100781.91,0xb0,background
DATA,2026-01-27T09:30:47,58.295,0x76,8669.740,23.58,57.86,100781.10,0xb0,background
DATA,2026-01-27T09:30:47,58.295,0x77,80250.780,23.62,57.07,100780.62,0xb0,background
DATA,2026-01-27T09:30:47,58.526,0x76,8683.850,23.58,57.85,100775.91,0xb0,background
DATA,2026-01-27T09:30:47,58.526,0x77,80859.120,23.62,57.03,100783.30,0xb0,background
DATA,2026-01-27T09:30:47,58.756,0x76,8719.350,23.59,57.84,100777.19,0xb0,background
DATA,2026-01-27T09:30:47,58.756,0x77,81089.640,23.63,57.03,100775.18,0xb0,background
DATA,2026-01-27T09:30:47,58.987,0x76,8726.480,23.59,57.83,100779.79,0xb0,background
DATA,2026-01-27T09:30:47,58.987,0x77,81399.050,23.62,57.04,100779.24,0xb0,background
DATA,2026-01-27T09:30:48,59.218,0x76,8726.480,23.59,57.81,100777.19,0xb0,background
DATA,2026-01-27T09:30:48,59.218,0x77,81399.050,23.63,57.03,100783.21,0xb0,background
DATA,2026-01-27T09:30:48,59.451,0x76,8798.460,23.58,57.84,100778.51,0xb0,background
DATA,2026-01-27T09:30:48,59.451,0x77,81166.770,23.61,57.02,100782.00,0xb0,background
DATA,2026-01-27T09:30:48,59.681,0x76,8791.210,23.59,57.83,100771.99,0xb0,background
DATA,2026-01-27T09:30:48,59.681,0x77,81946.230,23.63,57.06,100780.54,0xb0,background
DATA,2026-01-27T09:30:48,59.913,0x76,8798.460,23.59,57.81,100779.79,0xb0,background
DATA,2026-01-27T09:30:48,59.913,0x77,81946.230,23.62,57.01,100777.95,0xb0,background
DATA,2026-01-27T09:30:48,60.143,0x76,8820.290,23.59,57.81,100779.79,0xb0,background
DATA,2026-01-27T09:30:49,60.143,0x77,82421.120,23.63,57.03,100779.16,0xb0,background
DATA,2026-01-27T09:30:49,60.376,0x76,8849.560,23.59,57.79,100775.88,0xb0,background
DATA,2026-01-27T09:30:49,60.376,0x77,82660.640,23.62,57.04,100776.56,0xb0,background
DATA,2026-01-27T09:30:49,60.607,0x76,8886.420,23.60,57.77,100777.16,0xb0,background
DATA,2026-01-27T09:30:49,60.607,0x77,82580.650,23.63,57.01,100785.89,0xb0,background
DATA,2026-01-27T09:30:49,60.839,0x76,8886.420,23.60,57.76,100779.77,0xb0,background
DATA,2026-01-27T09:30:49,60.839,0x77,83224.970,23.63,57.01,100780.54,0xb0,background
DATA,2026-01-27T09:30:49,61.072,0x76,8901.250,23.60,57.77,100777.16,0xb0,background
DATA,2026-01-27T09:30:49,61.072,0x77,83062.950,23.63,57.00,100780.54,0xb0,background
DATA,2026-01-27T09:30:50,61.303,0x76,8908.690,23.60,57.78,100782.37,0xb0,background
DATA,2026-01-27T09:30:50,61.303,0x77,83387.620,23.63,56.96,100777.86,0xb0,background
DATA,2026-01-27T09:30:50,61.533,0x76,8976.160,23.60,57.75,100773.25,0xb0,background
DATA,2026-01-27T09:30:50,61.533,0x77,83469.190,23.64,57.00,100783.12,0xb0,background
DATA,2026-01-27T09:30:50,61.764,0x76,8991.290,23.60,57.76,100777.16,0xb0,background
DATA,2026-01-27T09:30:50,61.764,0x77,83387.620,23.63,57.00,100776.48,0xb0,background
DATA,2026-01-27T09:30:50,61.998,0x76,8991.290,23.60,57.74,100773.25,0xb0,background
DATA,2026-01-27T09:30:50,61.998,0x77,83714.840,23.63,56.98,100779.16,0xb0,background
DATA,2026-01-27T09:30:51,62.228,0x76,9021.710,23.61,57.72,100779.74,0xb0,background
DATA,2026-01-27T09:30:51,62.228,0x77,84127.510,23.64,56.96,100779.07,0xb0,background
DATA,2026-01-27T09:30:51,62.459,0x76,9037.000,23.61,57.75,100779.74,0xb0,background
DATA,2026-01-27T09:30:51,62.459,0x77,83879.420,23.64,56.97,100776.40,0xb0,background
DATA,2026-01-27T09:30:51,62.689,0x76,9060.020,23.61,57.74,100773.23,0xb0,background
DATA,2026-01-27T09:30:51,62.689,0x77,84293.710,23.64,56.98,100780.45,0xb0,background
